<?xml version="1.0" encoding="utf-8"?>
    <extension type="plugin" group="webservices" method="upgrade">

        <name>plg_webservices_balancirk</name>
        <creationDate>September 2023</creationDate>
        <author>Kris Cox</author>
        <authorUrl>https://cococo.be</authorUrl>
        <copyright>CoCoCo</copyright>
        <license>GPL v2</license>
        <version>0.0.1</version>
        <description>COM_BALANCIRK_MODULE_DESCRIPTION</description>
        <files>
          <filename plugin="balancirk">balancirk.php</filename>
          <folder>language</folder>
          <folder>tmpl</folder>
          <folder>lib</folder>
          <folder>src</folder>

          <folder>sql</folder>
        </files>

        <!-- While this construct works in components, it appears to cause failure messages in plugin installations
             Language files that exist in properly locale-labelled foldeers will continue to be installed as normal
             this is due to the language folder listed under files above.
        <languages>
          <language tag="en-GB">en-GB.plg_webservices_balancirk.ini</language>
          <language tag="en-GB">en-GB.plg_webservices_balancirk.sys.ini</language>
        </languages>
        -->

        <install>
            <sql>
                <file driver="mysql" charset="utf8">sql/install.mysql.utf8.sql</file>
            </sql>
        </install>
        <uninstall>
            <sql>
                <file driver="mysql" charset="utf8">sql/uninstall.mysql.utf8.sql</file>
            </sql>
        </uninstall>
        <update>
            <schemas>
                <schemapath type="mysql">sql/updates/mysql</schemapath>
            </schemas>
        </update>

    </extension>
    