<?xml version="1.0" encoding="utf-8" ?>
<access component="com_balancirk">
	<section name="component">
		<action name="core.admin"
			title="JACTION_ADMIN"
			description="JACTION_ADMIN_COMPONENT_DESC" />
		<action name="core.manage"
			title="JACTION_MANAGE"
			description="JACTION_MANAGE_COMPONENT_DESC" />
		<action name="core.create"
			title="COM_BALANCIRK_JACTION_CREATE"
			description="COM_BALANCIRK_JACTION_CREATE_DESC" />
		<action name="core.delete"
			title="COM_BALANCIRK_JACTION_EDIT_STATE"
			description="COM_BALANCIRK_JACTION_EDIT_STATE_DESC" />
		<action name="core.edit"
			title="JACTION_EDIT"
			description="JACTION_EDIT_DESC" />
		<action name="core.edit.own"
			title="COM_BALANCIRK_JACTION_EDIT_STATE"
			description="COM_BALANCIRK_JACTION_EDIT_STATE_DESC" />
		<action name="lessons.view"
			title="COM_BALANCIRK_JACTION_VIEW_LESSON"
			description="COM_BALANCIRK_JACTION_VIEW_LESSON_DESC" />
		<action name="lessons.register"
			title="COM_BALANCIRK_JACTION_REGISTER_LESSON"
			description="COM_BALANCIRK_JACTION_REGISTER_LESSON_DESC" />
		<action name="lessons.admin"
			title="COM_BALANCIRK_JACTION_ADMIN_LESSON"
			description="COM_BALANCIRK_JACTION_ADMIN_LESSON_DESC" />
		<action name="students.viewall"
			title="COM_BALANCIRK_JACTION_VIEWALL_STUDENTS"
			description="COM_BALANCIRK_JACTION_VIEWALL_STUDENTS_DESC" />
		<action name="students.editall"
			title="COM_BALANCIRK_JACTION_EDITALL_STUDENTS"
			description="COM_BALANCIRK_JACTION_EDITALL_STUDENTS_DESC" />
	</section>
</access>