<changelogs>
	<changelog>
		<element>com_balancirk</element>
		<type>component</type>
		<version>1.1</version>
		<fix>
			<item>Fixed mobile view not displaying values for members and students.</item>
		</fix>
	</changelog>
	<changelog>
		<element>com_balancirk</element>
		<type>component</type>
		<version>1.2</version>
		<fix>
			<item>Fixed minor bugs.</item>
		</fix>
	</changelog>
	<changelog>
		<element>com_balancirk</element>
		<type>component</type>
		<version>1.2.5</version>
		<fix>
			<item>Minor bug fixes.</item>
			<item>Added view of lessons for teachers</item>
			<item>Added presences part 1</item>
		</fix>
	</changelog>
	<changelog>
		<element>com_balancirk</element>
		<type>package</type>
		<version>1.2.6</version>
		<fix>
			<item>Changed from component to package.</item>
			<item>Added presences with update of existing</item>
			<item>Added presence history graph behind lesson</item>
			<item>Added waiting lists for lessons that are full</item>
			<item>Fixed end-date subscriptions not taken into account</item>
		</fix>
	</changelog>
</changelogs>
