<?xml version="1.0" encoding="utf-8"?>
<extension type="package"
	method="upgrade">
	<!-- 'version' attribute for extension tag is no longer used -->

	<name>pkg_Balancirk</name>
	<packagename>Balancirk member management package</packagename>
	<creationDate>September 2023</creationDate>
	<author>Kris Cox</author>
	<authorUrl>https://cococo.be</authorUrl>
	<authorEmail>info@cococo.be</authorEmail>
	<copyright>CoCoCo</copyright>
	<license>GPL v3</license>
	<version>1.2.9</version>
	<description>PKG_BALANCIRK_MODULE_DESCRIPTION</description>

	<!-- on update don't forget to add also to makefile -->
	<files folder="packages">
		<file type="package"
			id="pkg_balancirk">pkg_balancirk.zip</file>
	</files>

	<changelogurl>https://raw.githubusercontent.com/kriscox/Joomla-extension-test/master/balancirk_changelog.xml</changelogurl>

	<updateservers>
		<server type="extension"
			name="Balancirk">https://raw.githubusercontent.com/kriscox/Joomla-extension-test/master/balancirk_update.xml</server>
	</updateservers>
</extension>
