<updates>
	<update>
		<name>com_balancirk</name>
		<description>This is the balancirk plugin</description>
		<element>com_balancirk</element>
		<type>component</type>
		<version>1.1</version>
		<changelogurl>https://raw.githubusercontent.com/kriscox/Joomla-extension-balancirk/master/balancirk_changelog.xml</changelogurl>
		<infourl title="agosms">https://github.com/kriscox/Joomla-extension-balancirk/blob/master/README.md</infourl>
		<downloads>
			<downloadurl type="full"
				format="zip">https://github.com/kriscox/Joomla-extension-balancirk/releases/download/1.0/com_balancirk.zip</downloadurl>
		</downloads>
		<maintainer>CoCoCo</maintainer>
		<maintainerurl>http://www.cococo.be</maintainerurl>
		<targetplatform name="joomla"
			version="4.*" />
		<php_minimum>8.0</php_minimum>
	</update>
	<update>
		<name>com_balancirk</name>
		<description>This is the balancirk plugin</description>
		<element>com_balancirk</element>
		<type>component</type>
		<version>1.2</version>
		<changelogurl>https://raw.githubusercontent.com/kriscox/Joomla-extension-balancirk/master/balancirk_changelog.xml</changelogurl>
		<infourl title="agosms">https://github.com/kriscox/Joomla-extension-balancirk/blob/master/README.md</infourl>
		<downloads>
			<downloadurl type="full"
				format="zip">https://github.com/kriscox/Joomla-extension-balancirk/releases/download/1.2/com_balancirk.zip</downloadurl>
		</downloads>
		<sha256>b0e80e571c4032d369e8d727b310cf8e4002fa7b8fcbea462ca8b0382e636664</sha256>
		<maintainer>CoCoCo</maintainer>
		<maintainerurl>http://www.cococo.be</maintainerurl>
		<targetplatform name="joomla"
			version="4.*" />
		<php_minimum>8.0</php_minimum>
	</update>
	<update>
		<name>com_balancirk</name>
		<description>This is the balancirk plugin</description>
		<element>com_balancirk</element>
		<type>component</type>
		<version>1.2.5</version>
		<changelogurl>https://raw.githubusercontent.com/kriscox/Joomla-extension-balancirk/master/balancirk_changelog.xml</changelogurl>
		<infourl title="agosms">https://github.com/kriscox/Joomla-extension-balancirk/blob/master/README.md</infourl>
		<downloads>
			<downloadurl type="full"
				format="zip">https://github.com/kriscox/Joomla-extension-balancirk/releases/download/1.2.5/com_balancirk.zip</downloadurl>
		</downloads>
		<sha256>a532423154807dd44a91373bc3a743f24805e806996e903b4c72633b4022cb31</sha256>
		<maintainer>CoCoCo</maintainer>
		<maintainerurl>http://www.cococo.be</maintainerurl>
		<targetplatform name="joomla"
			version="4.*" />
		<php_minimum>8.0</php_minimum>
	</update>
	<update>
		<name>com_balancirk</name>
		<description>This is the balancirk plugin</description>
		<element>com_balancirk</element>
		<type>package</type>
		<version>1.2.6</version>
		<changelogurl>https://raw.githubusercontent.com/kriscox/Joomla-extension-balancirk/master/balancirk_changelog.xml</changelogurl>
		<infourl title="agosms">https://github.com/kriscox/Joomla-extension-balancirk/blob/master/README.md</infourl>
		<downloads>
			<downloadurl type="full"
				format="zip">https://github.com/kriscox/Joomla-extension-balancirk/releases/download/1.2.6/pkg_balancirk.zip</downloadurl>
		</downloads>
		<sha256>a532423154807dd44a91373bc3a743f24805e806996e903b4c72633b4022cb31</sha256>
		<maintainer>CoCoCo</maintainer>
		<maintainerurl>http://www.cococo.be</maintainerurl>
		<targetplatform name="joomla"
			version="4.*" />
		<php_minimum>8.0</php_minimum>
	</update>
</updates>
