<?xml version="1.0" encoding="utf-8"?>
<access component="com_balancirk">
    <section name="component">
        <action name="core.admin" title="JACTION_ADMIN" />
        <action name="core.options" title="JACTION_OPTIONS" />
        <action name="core.manage" title="JACTION_MANAGE" />
        <action name="core.create" title="JACTION_CREATE" />
        <action name="core.delete" title="JACTION_DELETE" />
        <action name="core.edit" title="JACTION_EDIT" />
        <action name="core.edit.state" title="JACTION_EDITSTATE" />
        <action name="core.edit.own" title="JACTION_EDITOWN" />
        <action name="core.edit.value" title="JACTION_EDITVALUE" />
        <action name="core.execute.transition" title="JACTION_EXECUTETRANSITION" />
    </section>
    <section name="mywalk">
        <action name="core.delete" title="JACTION_DELETE" />
        <action name="core.edit" title="JACTION_EDIT" />
        <action name="core.edit.state" title="JACTION_EDITSTATE" />
    </section>
    <section name="mywalk_date">
        <action name="core.create" title="JACTION_CREATE" />
        <action name="core.delete" title="JACTION_DELETE" />
        <action name="core.edit" title="JACTION_EDIT" />
        <action name="core.edit.state" title="JACTION_EDITSTATE" />
        <action name="core.edit.own" title="JACTION_EDITOWN" />
        <action name="core.edit.value" title="JACTION_EDITVALUE" />
    </section>
</access>